file,line,type,commit,author,date,time,timezone,datetime,depth,length
style.css,1,css,125a7b56,skvillamin,2025-01-17,22:21:25,-08:00,2025-01-17T22:21:25-08:00,0,6
style.css,2,css,8f8e564a,skvillamin,2025-01-25,19:30:02,-08:00,2025-01-25T19:30:02-08:00,0,43
style.css,3,css,8f8e564a,skvillamin,2025-01-25,19:30:02,-08:00,2025-01-25T19:30:02-08:00,0,49
style.css,4,css,8f8e564a,skvillamin,2025-01-25,19:30:02,-08:00,2025-01-25T19:30:02-08:00,0,19
style.css,5,css,8f8e564a,skvillamin,2025-01-25,19:30:02,-08:00,2025-01-25T19:30:02-08:00,0,19
style.css,6,css,8f8e564a,skvillamin,2025-01-25,19:30:02,-08:00,2025-01-25T19:30:02-08:00,0,18
style.css,7,css,8f8e564a,skvillamin,2025-01-25,19:30:02,-08:00,2025-01-25T19:30:02-08:00,0,21
style.css,8,css,8f8e564a,skvillamin,2025-01-25,19:30:02,-08:00,2025-01-25T19:30:02-08:00,0,20
style.css,9,css,125a7b56,skvillamin,2025-01-17,22:21:25,-08:00,2025-01-17T22:21:25-08:00,0,0
style.css,10,css,362bd005,skvillamin,2025-01-17,20:36:37,-08:00,2025-01-17T20:36:37-08:00,0,0
style.css,11,css,125a7b56,skvillamin,2025-01-17,22:21:25,-08:00,2025-01-17T22:21:25-08:00,0,5
style.css,12,css,125a7b56,skvillamin,2025-01-17,22:21:25,-08:00,2025-01-17T22:21:25-08:00,0,24
style.css,13,css,125a7b56,skvillamin,2025-01-17,22:21:25,-08:00,2025-01-17T22:21:25-08:00,0,16
style.css,14,css,125a7b56,skvillamin,2025-01-17,22:21:25,-08:00,2025-01-17T22:21:25-08:00,0,19
style.css,15,css,125a7b56,skvillamin,2025-01-17,22:21:25,-08:00,2025-01-17T22:21:25-08:00,0,12
style.css,16,css,125a7b56,skvillamin,2025-01-17,22:21:25,-08:00,2025-01-17T22:21:25-08:00,0,0
style.css,17,css,e16313ae,skvillamin,2025-01-17,20:49:16,-08:00,2025-01-17T20:49:16-08:00,0,0
style.css,18,css,5b74b7bd,skvillamin,2025-01-17,21:08:05,-08:00,2025-01-17T21:08:05-08:00,0,4
style.css,19,css,125a7b56,skvillamin,2025-01-17,22:21:25,-08:00,2025-01-17T22:21:25-08:00,0,13
style.css,20,css,125a7b56,skvillamin,2025-01-17,22:21:25,-08:00,2025-01-17T22:21:25-08:00,0,18
style.css,21,css,8f8e564a,skvillamin,2025-01-25,19:30:02,-08:00,2025-01-25T19:30:02-08:00,0,24
style.css,22,css,8f8e564a,skvillamin,2025-01-25,19:30:02,-08:00,2025-01-25T19:30:02-08:00,0,40
style.css,23,css,5b74b7bd,skvillamin,2025-01-17,21:08:05,-08:00,2025-01-17T21:08:05-08:00,0,0
style.css,24,css,5b74b7bd,skvillamin,2025-01-17,21:08:05,-08:00,2025-01-17T21:08:05-08:00,0,0
style.css,25,css,125a7b56,skvillamin,2025-01-17,22:21:25,-08:00,2025-01-17T22:21:25-08:00,0,7
style.css,26,css,125a7b56,skvillamin,2025-01-17,22:21:25,-08:00,2025-01-17T22:21:25-08:00,0,17
style.css,27,css,e16313ae,skvillamin,2025-01-17,20:49:16,-08:00,2025-01-17T20:49:16-08:00,0,0
style.css,28,css,e16313ae,skvillamin,2025-01-17,20:49:16,-08:00,2025-01-17T20:49:16-08:00,0,0
style.css,29,css,e16313ae,skvillamin,2025-01-17,20:49:16,-08:00,2025-01-17T20:49:16-08:00,0,7
style.css,30,css,125a7b56,skvillamin,2025-01-17,22:21:25,-08:00,2025-01-17T22:21:25-08:00,0,17
style.css,31,css,6a46ae02,skvillamin,2025-01-17,20:55:41,-08:00,2025-01-17T20:55:41-08:00,0,0
style.css,32,css,5b74b7bd,skvillamin,2025-01-17,21:08:05,-08:00,2025-01-17T21:08:05-08:00,0,0
style.css,33,css,5b74b7bd,skvillamin,2025-01-17,21:08:05,-08:00,2025-01-17T21:08:05-08:00,0,6
style.css,34,css,125a7b56,skvillamin,2025-01-17,22:21:25,-08:00,2025-01-17T22:21:25-08:00,0,7
style.css,35,css,125a7b56,skvillamin,2025-01-17,22:21:25,-08:00,2025-01-17T22:21:25-08:00,0,21
style.css,36,css,125a7b56,skvillamin,2025-01-17,22:21:25,-08:00,2025-01-17T22:21:25-08:00,0,14
style.css,37,css,125a7b56,skvillamin,2025-01-17,22:21:25,-08:00,2025-01-17T22:21:25-08:00,0,18
style.css,38,css,125a7b56,skvillamin,2025-01-17,22:21:25,-08:00,2025-01-17T22:21:25-08:00,0,14
style.css,39,css,125a7b56,skvillamin,2025-01-17,22:21:25,-08:00,2025-01-17T22:21:25-08:00,0,13
style.css,40,css,125a7b56,skvillamin,2025-01-17,22:21:25,-08:00,2025-01-17T22:21:25-08:00,0,23
style.css,41,css,125a7b56,skvillamin,2025-01-17,22:21:25,-08:00,2025-01-17T22:21:25-08:00,0,19
style.css,42,css,125a7b56,skvillamin,2025-01-17,22:21:25,-08:00,2025-01-17T22:21:25-08:00,0,0
style.css,43,css,125a7b56,skvillamin,2025-01-17,22:21:25,-08:00,2025-01-17T22:21:25-08:00,0,0
style.css,44,css,125a7b56,skvillamin,2025-01-17,22:21:25,-08:00,2025-01-17T22:21:25-08:00,0,14
style.css,45,css,125a7b56,skvillamin,2025-01-17,22:21:25,-08:00,2025-01-17T22:21:25-08:00,0,46
style.css,46,css,125a7b56,skvillamin,2025-01-17,22:21:25,-08:00,2025-01-17T22:21:25-08:00,0,21
style.css,47,css,07be710c,skvillamin,2025-01-17,21:35:54,-08:00,2025-01-17T21:35:54-08:00,0,0
style.css,48,css,07be710c,skvillamin,2025-01-17,21:35:54,-08:00,2025-01-17T21:35:54-08:00,0,0
style.css,49,css,07be710c,skvillamin,2025-01-17,21:35:54,-08:00,2025-01-17T21:35:54-08:00,0,12
style.css,50,css,125a7b56,skvillamin,2025-01-17,22:21:25,-08:00,2025-01-17T22:21:25-08:00,0,46
style.css,51,css,125a7b56,skvillamin,2025-01-17,22:21:25,-08:00,2025-01-17T22:21:25-08:00,0,21
style.css,52,css,8f8e564a,skvillamin,2025-01-25,19:30:02,-08:00,2025-01-25T19:30:02-08:00,0,69
style.css,53,css,125a7b56,skvillamin,2025-01-17,22:21:25,-08:00,2025-01-17T22:21:25-08:00,0,0
style.css,54,css,125a7b56,skvillamin,2025-01-17,22:21:25,-08:00,2025-01-17T22:21:25-08:00,0,0
style.css,55,css,125a7b56,skvillamin,2025-01-17,22:21:25,-08:00,2025-01-17T22:21:25-08:00,0,5
style.css,56,css,125a7b56,skvillamin,2025-01-17,22:21:25,-08:00,2025-01-17T22:21:25-08:00,0,13
style.css,57,css,125a7b56,skvillamin,2025-01-17,22:21:25,-08:00,2025-01-17T22:21:25-08:00,0,31
style.css,58,css,125a7b56,skvillamin,2025-01-17,22:21:25,-08:00,2025-01-17T22:21:25-08:00,0,8
style.css,59,css,125a7b56,skvillamin,2025-01-17,22:21:25,-08:00,2025-01-17T22:21:25-08:00,0,16
style.css,60,css,125a7b56,skvillamin,2025-01-17,22:21:25,-08:00,2025-01-17T22:21:25-08:00,0,14
style.css,61,css,125a7b56,skvillamin,2025-01-17,22:21:25,-08:00,2025-01-17T22:21:25-08:00,0,0
style.css,62,css,125a7b56,skvillamin,2025-01-17,22:21:25,-08:00,2025-01-17T22:21:25-08:00,0,0
style.css,63,css,125a7b56,skvillamin,2025-01-17,22:21:25,-08:00,2025-01-17T22:21:25-08:00,0,11
style.css,64,css,125a7b56,skvillamin,2025-01-17,22:21:25,-08:00,2025-01-17T22:21:25-08:00,0,18
style.css,65,css,125a7b56,skvillamin,2025-01-17,22:21:25,-08:00,2025-01-17T22:21:25-08:00,0,0
style.css,66,css,125a7b56,skvillamin,2025-01-17,22:21:25,-08:00,2025-01-17T22:21:25-08:00,0,0
style.css,67,css,125a7b56,skvillamin,2025-01-17,22:21:25,-08:00,2025-01-17T22:21:25-08:00,0,10
style.css,68,css,125a7b56,skvillamin,2025-01-17,22:21:25,-08:00,2025-01-17T22:21:25-08:00,0,13
style.css,69,css,125a7b56,skvillamin,2025-01-17,22:21:25,-08:00,2025-01-17T22:21:25-08:00,0,12
style.css,70,css,125a7b56,skvillamin,2025-01-17,22:21:25,-08:00,2025-01-17T22:21:25-08:00,0,14
style.css,71,css,125a7b56,skvillamin,2025-01-17,22:21:25,-08:00,2025-01-17T22:21:25-08:00,0,11
style.css,72,css,125a7b56,skvillamin,2025-01-17,22:21:25,-08:00,2025-01-17T22:21:25-08:00,0,14
style.css,73,css,125a7b56,skvillamin,2025-01-17,22:21:25,-08:00,2025-01-17T22:21:25-08:00,0,22
style.css,74,css,125a7b56,skvillamin,2025-01-17,22:21:25,-08:00,2025-01-17T22:21:25-08:00,0,0
style.css,75,css,125a7b56,skvillamin,2025-01-17,22:21:25,-08:00,2025-01-17T22:21:25-08:00,0,0
style.css,76,css,125a7b56,skvillamin,2025-01-17,22:21:25,-08:00,2025-01-17T22:21:25-08:00,0,12
style.css,77,css,125a7b56,skvillamin,2025-01-17,22:21:25,-08:00,2025-01-17T22:21:25-08:00,0,19
style.css,78,css,125a7b56,skvillamin,2025-01-17,22:21:25,-08:00,2025-01-17T22:21:25-08:00,0,15
style.css,79,css,125a7b56,skvillamin,2025-01-17,22:21:25,-08:00,2025-01-17T22:21:25-08:00,0,18
style.css,80,css,125a7b56,skvillamin,2025-01-17,22:21:25,-08:00,2025-01-17T22:21:25-08:00,0,0
style.css,81,css,125a7b56,skvillamin,2025-01-17,22:21:25,-08:00,2025-01-17T22:21:25-08:00,0,0
style.css,82,css,125a7b56,skvillamin,2025-01-17,22:21:25,-08:00,2025-01-17T22:21:25-08:00,0,14
style.css,83,css,125a7b56,skvillamin,2025-01-17,22:21:25,-08:00,2025-01-17T22:21:25-08:00,0,13
style.css,84,css,125a7b56,skvillamin,2025-01-17,22:21:25,-08:00,2025-01-17T22:21:25-08:00,0,0
style.css,85,css,125a7b56,skvillamin,2025-01-17,22:21:25,-08:00,2025-01-17T22:21:25-08:00,0,0
style.css,86,css,8f8e564a,skvillamin,2025-01-25,19:30:02,-08:00,2025-01-25T19:30:02-08:00,0,10
style.css,87,css,125a7b56,skvillamin,2025-01-17,22:21:25,-08:00,2025-01-17T22:21:25-08:00,0,13
style.css,88,css,125a7b56,skvillamin,2025-01-17,22:21:25,-08:00,2025-01-17T22:21:25-08:00,0,59
style.css,89,css,8f8e564a,skvillamin,2025-01-25,19:30:02,-08:00,2025-01-25T19:30:02-08:00,0,8
style.css,90,css,8f8e564a,skvillamin,2025-01-25,19:30:02,-08:00,2025-01-25T19:30:02-08:00,0,12
style.css,91,css,125a7b56,skvillamin,2025-01-17,22:21:25,-08:00,2025-01-17T22:21:25-08:00,0,0
style.css,92,css,125a7b56,skvillamin,2025-01-17,22:21:25,-08:00,2025-01-17T22:21:25-08:00,0,0
style.css,93,css,8f8e564a,skvillamin,2025-01-25,19:30:02,-08:00,2025-01-25T19:30:02-08:00,0,18
style.css,94,css,8f8e564a,skvillamin,2025-01-25,19:30:02,-08:00,2025-01-25T19:30:02-08:00,0,13
style.css,95,css,125a7b56,skvillamin,2025-01-17,22:21:25,-08:00,2025-01-17T22:21:25-08:00,0,27
style.css,96,css,125a7b56,skvillamin,2025-01-17,22:21:25,-08:00,2025-01-17T22:21:25-08:00,0,16
style.css,97,css,8f8e564a,skvillamin,2025-01-25,19:30:02,-08:00,2025-01-25T19:30:02-08:00,0,9
style.css,98,css,125a7b56,skvillamin,2025-01-17,22:21:25,-08:00,2025-01-17T22:21:25-08:00,0,8
style.css,99,css,8f8e564a,skvillamin,2025-01-25,19:30:02,-08:00,2025-01-25T19:30:02-08:00,0,25
style.css,100,css,8f8e564a,skvillamin,2025-01-25,19:30:02,-08:00,2025-01-25T19:30:02-08:00,0,22
style.css,101,css,8f8e564a,skvillamin,2025-01-25,19:30:02,-08:00,2025-01-25T19:30:02-08:00,0,12
style.css,102,css,8f8e564a,skvillamin,2025-01-25,19:30:02,-08:00,2025-01-25T19:30:02-08:00,0,37
style.css,103,css,8f8e564a,skvillamin,2025-01-25,19:30:02,-08:00,2025-01-25T19:30:02-08:00,0,0
style.css,104,css,8f8e564a,skvillamin,2025-01-25,19:30:02,-08:00,2025-01-25T19:30:02-08:00,0,0
style.css,105,css,8f8e564a,skvillamin,2025-01-25,19:30:02,-08:00,2025-01-25T19:30:02-08:00,0,21
style.css,106,css,8f8e564a,skvillamin,2025-01-25,19:30:02,-08:00,2025-01-25T19:30:02-08:00,0,9
style.css,107,css,8f8e564a,skvillamin,2025-01-25,19:30:02,-08:00,2025-01-25T19:30:02-08:00,0,0
style.css,108,css,8f8e564a,skvillamin,2025-01-25,19:30:02,-08:00,2025-01-25T19:30:02-08:00,0,0
style.css,109,css,8f8e564a,skvillamin,2025-01-25,19:30:02,-08:00,2025-01-25T19:30:02-08:00,0,22
style.css,110,css,8f8e564a,skvillamin,2025-01-25,19:30:02,-08:00,2025-01-25T19:30:02-08:00,0,11
style.css,111,css,8f8e564a,skvillamin,2025-01-25,19:30:02,-08:00,2025-01-25T19:30:02-08:00,0,12
style.css,112,css,8f8e564a,skvillamin,2025-01-25,19:30:02,-08:00,2025-01-25T19:30:02-08:00,0,14
style.css,113,css,125a7b56,skvillamin,2025-01-17,22:21:25,-08:00,2025-01-17T22:21:25-08:00,0,0
style.css,114,css,125a7b56,skvillamin,2025-01-17,22:21:25,-08:00,2025-01-17T22:21:25-08:00,0,0
style.css,115,css,fc70fdbc,skvillamin,2025-01-17,22:27:41,-08:00,2025-01-17T22:27:41-08:00,0,3
style.css,116,css,fc70fdbc,skvillamin,2025-01-17,22:27:41,-08:00,2025-01-17T22:27:41-08:00,0,15
style.css,117,css,8f8e564a,skvillamin,2025-01-25,19:30:02,-08:00,2025-01-25T19:30:02-08:00,0,14
style.css,118,css,fc70fdbc,skvillamin,2025-01-17,22:27:41,-08:00,2025-01-17T22:27:41-08:00,0,17
style.css,119,css,fc70fdbc,skvillamin,2025-01-17,22:27:41,-08:00,2025-01-17T22:27:41-08:00,0,20
style.css,120,css,125a7b56,skvillamin,2025-01-17,22:21:25,-08:00,2025-01-17T22:21:25-08:00,0,0
style.css,121,css,125a7b56,skvillamin,2025-01-17,22:21:25,-08:00,2025-01-17T22:21:25-08:00,0,0
style.css,122,css,fc70fdbc,skvillamin,2025-01-17,22:27:41,-08:00,2025-01-17T22:27:41-08:00,0,3
style.css,123,css,fc70fdbc,skvillamin,2025-01-17,22:27:41,-08:00,2025-01-17T22:27:41-08:00,0,17
style.css,124,css,8f8e564a,skvillamin,2025-01-25,19:30:02,-08:00,2025-01-25T19:30:02-08:00,0,14
style.css,125,css,8f8e564a,skvillamin,2025-01-25,19:30:02,-08:00,2025-01-25T19:30:02-08:00,0,17
style.css,126,css,fc70fdbc,skvillamin,2025-01-17,22:27:41,-08:00,2025-01-17T22:27:41-08:00,0,20
style.css,127,css,5b74b7bd,skvillamin,2025-01-17,21:08:05,-08:00,2025-01-17T21:08:05-08:00,0,0
style.css,128,css,125a7b56,skvillamin,2025-01-17,22:21:25,-08:00,2025-01-17T22:21:25-08:00,0,0
style.css,129,css,fc70fdbc,skvillamin,2025-01-17,22:27:41,-08:00,2025-01-17T22:27:41-08:00,0,7
style.css,130,css,fc70fdbc,skvillamin,2025-01-17,22:27:41,-08:00,2025-01-17T22:27:41-08:00,0,17
style.css,131,css,fc70fdbc,skvillamin,2025-01-17,22:27:41,-08:00,2025-01-17T22:27:41-08:00,0,11
style.css,132,css,125a7b56,skvillamin,2025-01-17,22:21:25,-08:00,2025-01-17T22:21:25-08:00,0,0
style.css,133,css,125a7b56,skvillamin,2025-01-17,22:21:25,-08:00,2025-01-17T22:21:25-08:00,0,0
style.css,134,css,125a7b56,skvillamin,2025-01-17,22:21:25,-08:00,2025-01-17T22:21:25-08:00,0,9
style.css,135,css,fc70fdbc,skvillamin,2025-01-17,22:27:41,-08:00,2025-01-17T22:27:41-08:00,0,15
style.css,136,css,fc70fdbc,skvillamin,2025-01-17,22:27:41,-08:00,2025-01-17T22:27:41-08:00,0,11
style.css,137,css,fc70fdbc,skvillamin,2025-01-17,22:27:41,-08:00,2025-01-17T22:27:41-08:00,0,16
style.css,138,css,fc70fdbc,skvillamin,2025-01-17,22:27:41,-08:00,2025-01-17T22:27:41-08:00,0,16
style.css,139,css,125a7b56,skvillamin,2025-01-17,22:21:25,-08:00,2025-01-17T22:21:25-08:00,0,18
style.css,140,css,fc70fdbc,skvillamin,2025-01-17,22:27:41,-08:00,2025-01-17T22:27:41-08:00,0,0
style.css,141,css,8f8e564a,skvillamin,2025-01-25,19:30:02,-08:00,2025-01-25T19:30:02-08:00,0,0
style.css,142,css,8f8e564a,skvillamin,2025-01-25,19:30:02,-08:00,2025-01-25T19:30:02-08:00,0,13
style.css,143,css,8f8e564a,skvillamin,2025-01-25,19:30:02,-08:00,2025-01-25T19:30:02-08:00,0,17
style.css,144,css,8f8e564a,skvillamin,2025-01-25,19:30:02,-08:00,2025-01-25T19:30:02-08:00,0,9
style.css,145,css,8f8e564a,skvillamin,2025-01-25,19:30:02,-08:00,2025-01-25T19:30:02-08:00,0,11
style.css,146,css,8f8e564a,skvillamin,2025-01-25,19:30:02,-08:00,2025-01-25T19:30:02-08:00,0,14
style.css,147,css,8f8e564a,skvillamin,2025-01-25,19:30:02,-08:00,2025-01-25T19:30:02-08:00,0,0
style.css,148,css,e32b9b57,skvillamin,2025-01-31,22:37:33,-08:00,2025-01-31T22:37:33-08:00,0,0
style.css,149,css,e32b9b57,skvillamin,2025-01-31,22:37:33,-08:00,2025-01-31T22:37:33-08:00,0,0
style.css,150,css,e32b9b57,skvillamin,2025-01-31,22:37:33,-08:00,2025-01-31T22:37:33-08:00,0,15
style.css,151,css,e32b9b57,skvillamin,2025-01-31,22:37:33,-08:00,2025-01-31T22:37:33-08:00,0,18
style.css,152,css,e32b9b57,skvillamin,2025-01-31,22:37:33,-08:00,2025-01-31T22:37:33-08:00,0,16
style.css,153,css,e32b9b57,skvillamin,2025-01-31,22:37:33,-08:00,2025-01-31T22:37:33-08:00,0,0
style.css,154,css,e32b9b57,skvillamin,2025-01-31,22:37:33,-08:00,2025-01-31T22:37:33-08:00,0,0
style.css,155,css,e32b9b57,skvillamin,2025-01-31,22:37:33,-08:00,2025-01-31T22:37:33-08:00,0,18
style.css,156,css,e32b9b57,skvillamin,2025-01-31,22:37:33,-08:00,2025-01-31T22:37:33-08:00,0,15
style.css,157,css,e32b9b57,skvillamin,2025-01-31,22:37:33,-08:00,2025-01-31T22:37:33-08:00,0,17
style.css,158,css,e32b9b57,skvillamin,2025-01-31,22:37:33,-08:00,2025-01-31T22:37:33-08:00,0,19
style.css,159,css,e32b9b57,skvillamin,2025-01-31,22:37:33,-08:00,2025-01-31T22:37:33-08:00,0,0
style.css,160,css,e32b9b57,skvillamin,2025-01-31,22:37:33,-08:00,2025-01-31T22:37:33-08:00,0,0
style.css,161,css,e32b9b57,skvillamin,2025-01-31,22:37:33,-08:00,2025-01-31T22:37:33-08:00,0,18
style.css,162,css,e32b9b57,skvillamin,2025-01-31,22:37:33,-08:00,2025-01-31T22:37:33-08:00,0,13
style.css,163,css,e32b9b57,skvillamin,2025-01-31,22:37:33,-08:00,2025-01-31T22:37:33-08:00,0,65
style.css,164,css,e32b9b57,skvillamin,2025-01-31,22:37:33,-08:00,2025-01-31T22:37:33-08:00,0,18
style.css,165,css,e32b9b57,skvillamin,2025-01-31,22:37:33,-08:00,2025-01-31T22:37:33-08:00,0,9
style.css,166,css,e32b9b57,skvillamin,2025-01-31,22:37:33,-08:00,2025-01-31T22:37:33-08:00,0,16
style.css,167,css,e32b9b57,skvillamin,2025-01-31,22:37:33,-08:00,2025-01-31T22:37:33-08:00,0,14
style.css,168,css,e32b9b57,skvillamin,2025-01-31,22:37:33,-08:00,2025-01-31T22:37:33-08:00,0,0
style.css,169,css,e32b9b57,skvillamin,2025-01-31,22:37:33,-08:00,2025-01-31T22:37:33-08:00,0,0
style.css,170,css,e32b9b57,skvillamin,2025-01-31,22:37:33,-08:00,2025-01-31T22:37:33-08:00,0,18
style.css,171,css,e32b9b57,skvillamin,2025-01-31,22:37:33,-08:00,2025-01-31T22:37:33-08:00,0,15
style.css,172,css,e32b9b57,skvillamin,2025-01-31,22:37:33,-08:00,2025-01-31T22:37:33-08:00,0,17
style.css,173,css,e32b9b57,skvillamin,2025-01-31,22:37:33,-08:00,2025-01-31T22:37:33-08:00,0,11
style.css,174,css,e32b9b57,skvillamin,2025-01-31,22:37:33,-08:00,2025-01-31T22:37:33-08:00,0,25
style.css,175,css,e32b9b57,skvillamin,2025-01-31,22:37:33,-08:00,2025-01-31T22:37:33-08:00,0,52
style.css,176,css,e32b9b57,skvillamin,2025-01-31,22:37:33,-08:00,2025-01-31T22:37:33-08:00,0,0
style.css,177,css,e32b9b57,skvillamin,2025-01-31,22:37:33,-08:00,2025-01-31T22:37:33-08:00,0,0
style.css,178,css,e32b9b57,skvillamin,2025-01-31,22:37:33,-08:00,2025-01-31T22:37:33-08:00,0,18
style.css,179,css,e32b9b57,skvillamin,2025-01-31,22:37:33,-08:00,2025-01-31T22:37:33-08:00,0,15
style.css,180,css,e32b9b57,skvillamin,2025-01-31,22:37:33,-08:00,2025-01-31T22:37:33-08:00,0,17
style.css,181,css,e32b9b57,skvillamin,2025-01-31,22:37:33,-08:00,2025-01-31T22:37:33-08:00,0,9
style.css,182,css,e32b9b57,skvillamin,2025-01-31,22:37:33,-08:00,2025-01-31T22:37:33-08:00,0,53
style.css,183,css,92548da3,skvillamin,2025-02-07,22:30:52,-08:00,2025-02-07T22:30:52-08:00,0,0
style.css,184,css,92548da3,skvillamin,2025-02-07,22:30:52,-08:00,2025-02-07T22:30:52-08:00,0,0
style.css,185,css,92548da3,skvillamin,2025-02-07,22:30:52,-08:00,2025-02-07T22:30:52-08:00,0,15
style.css,186,css,92548da3,skvillamin,2025-02-07,22:30:52,-08:00,2025-02-07T22:30:52-08:00,0,13
style.css,187,css,92548da3,skvillamin,2025-02-07,22:30:52,-08:00,2025-02-07T22:30:52-08:00,0,22
style.css,188,css,92548da3,skvillamin,2025-02-07,22:30:52,-08:00,2025-02-07T22:30:52-08:00,0,19
style.css,189,css,92548da3,skvillamin,2025-02-07,22:30:52,-08:00,2025-02-07T22:30:52-08:00,0,0
style.css,190,css,92548da3,skvillamin,2025-02-07,22:30:52,-08:00,2025-02-07T22:30:52-08:00,0,0
style.css,191,css,92548da3,skvillamin,2025-02-07,22:30:52,-08:00,2025-02-07T22:30:52-08:00,0,11
style.css,192,css,92548da3,skvillamin,2025-02-07,22:30:52,-08:00,2025-02-07T22:30:52-08:00,0,13
style.css,193,css,92548da3,skvillamin,2025-02-07,22:30:52,-08:00,2025-02-07T22:30:52-08:00,0,23
style.css,194,css,92548da3,skvillamin,2025-02-07,22:30:52,-08:00,2025-02-07T22:30:52-08:00,0,8
style.css,195,css,92548da3,skvillamin,2025-02-07,22:30:52,-08:00,2025-02-07T22:30:52-08:00,0,13
style.css,196,css,92548da3,skvillamin,2025-02-07,22:30:52,-08:00,2025-02-07T22:30:52-08:00,0,11
style.css,197,css,92548da3,skvillamin,2025-02-07,22:30:52,-08:00,2025-02-07T22:30:52-08:00,0,15
style.css,198,css,92548da3,skvillamin,2025-02-07,22:30:52,-08:00,2025-02-07T22:30:52-08:00,0,0
style.css,199,css,92548da3,skvillamin,2025-02-07,22:30:52,-08:00,2025-02-07T22:30:52-08:00,0,0
style.css,200,css,92548da3,skvillamin,2025-02-07,22:30:52,-08:00,2025-02-07T22:30:52-08:00,0,19
style.css,201,css,92548da3,skvillamin,2025-02-07,22:30:52,-08:00,2025-02-07T22:30:52-08:00,0,15
style.css,202,css,92548da3,skvillamin,2025-02-07,22:30:52,-08:00,2025-02-07T22:30:52-08:00,0,9
style.css,203,css,92548da3,skvillamin,2025-02-07,22:30:52,-08:00,2025-02-07T22:30:52-08:00,0,17
style.css,204,css,92548da3,skvillamin,2025-02-07,22:30:52,-08:00,2025-02-07T22:30:52-08:00,0,15
style.css,205,css,92548da3,skvillamin,2025-02-07,22:30:52,-08:00,2025-02-07T22:30:52-08:00,0,0
style.css,206,css,92548da3,skvillamin,2025-02-07,22:30:52,-08:00,2025-02-07T22:30:52-08:00,0,0
style.css,207,css,92548da3,skvillamin,2025-02-07,22:30:52,-08:00,2025-02-07T22:30:52-08:00,0,8
style.css,208,css,92548da3,skvillamin,2025-02-07,22:30:52,-08:00,2025-02-07T22:30:52-08:00,0,16
style.css,209,css,92548da3,skvillamin,2025-02-07,22:30:52,-08:00,2025-02-07T22:30:52-08:00,0,12
style.css,210,css,92548da3,skvillamin,2025-02-07,22:30:52,-08:00,2025-02-07T22:30:52-08:00,0,13
style.css,211,css,92548da3,skvillamin,2025-02-07,22:30:52,-08:00,2025-02-07T22:30:52-08:00,0,13
style.css,212,css,92548da3,skvillamin,2025-02-07,22:30:52,-08:00,2025-02-07T22:30:52-08:00,0,15
style.css,213,css,92548da3,skvillamin,2025-02-07,22:30:52,-08:00,2025-02-07T22:30:52-08:00,0,8
style.css,214,css,92548da3,skvillamin,2025-02-07,22:30:52,-08:00,2025-02-07T22:30:52-08:00,0,22
style.css,215,css,92548da3,skvillamin,2025-02-07,22:30:52,-08:00,2025-02-07T22:30:52-08:00,0,18
style.css,216,css,92548da3,skvillamin,2025-02-07,22:30:52,-08:00,2025-02-07T22:30:52-08:00,0,15
style.css,217,css,92548da3,skvillamin,2025-02-07,22:30:52,-08:00,2025-02-07T22:30:52-08:00,0,15
style.css,218,css,92548da3,skvillamin,2025-02-07,22:30:52,-08:00,2025-02-07T22:30:52-08:00,0,22
style.css,219,css,92548da3,skvillamin,2025-02-07,22:30:52,-08:00,2025-02-07T22:30:52-08:00,0,0
style.css,220,css,92548da3,skvillamin,2025-02-07,22:30:52,-08:00,2025-02-07T22:30:52-08:00,0,0
style.css,221,css,92548da3,skvillamin,2025-02-07,22:30:52,-08:00,2025-02-07T22:30:52-08:00,0,13
style.css,222,css,92548da3,skvillamin,2025-02-07,22:30:52,-08:00,2025-02-07T22:30:52-08:00,0,13
style.css,223,css,92548da3,skvillamin,2025-02-07,22:30:52,-08:00,2025-02-07T22:30:52-08:00,0,19
style.css,224,css,92548da3,skvillamin,2025-02-07,22:30:52,-08:00,2025-02-07T22:30:52-08:00,0,10
style.css,225,css,92548da3,skvillamin,2025-02-07,22:30:52,-08:00,2025-02-07T22:30:52-08:00,0,22
style.css,226,css,92548da3,skvillamin,2025-02-07,22:30:52,-08:00,2025-02-07T22:30:52-08:00,0,0
style.css,227,css,92548da3,skvillamin,2025-02-07,22:30:52,-08:00,2025-02-07T22:30:52-08:00,0,0
style.css,228,css,92548da3,skvillamin,2025-02-07,22:30:52,-08:00,2025-02-07T22:30:52-08:00,0,8
style.css,229,css,92548da3,skvillamin,2025-02-07,22:30:52,-08:00,2025-02-07T22:30:52-08:00,0,14
style.css,230,css,92548da3,skvillamin,2025-02-07,22:30:52,-08:00,2025-02-07T22:30:52-08:00,0,20
style.css,231,css,92548da3,skvillamin,2025-02-07,22:30:52,-08:00,2025-02-07T22:30:52-08:00,0,19
style.css,232,css,92548da3,skvillamin,2025-02-07,22:30:52,-08:00,2025-02-07T22:30:52-08:00,0,23
style.css,233,css,92548da3,skvillamin,2025-02-07,22:30:52,-08:00,2025-02-07T22:30:52-08:00,0,10
style.css,234,css,92548da3,skvillamin,2025-02-07,22:30:52,-08:00,2025-02-07T22:30:52-08:00,0,11
style.css,235,css,92548da3,skvillamin,2025-02-07,22:30:52,-08:00,2025-02-07T22:30:52-08:00,0,30
style.css,236,css,92548da3,skvillamin,2025-02-07,22:30:52,-08:00,2025-02-07T22:30:52-08:00,0,18
style.css,237,css,92548da3,skvillamin,2025-02-07,22:30:52,-08:00,2025-02-07T22:30:52-08:00,0,22
style.css,238,css,92548da3,skvillamin,2025-02-07,22:30:52,-08:00,2025-02-07T22:30:52-08:00,0,19
style.css,239,css,92548da3,skvillamin,2025-02-07,22:30:52,-08:00,2025-02-07T22:30:52-08:00,0,0
style.css,240,css,92548da3,skvillamin,2025-02-07,22:30:52,-08:00,2025-02-07T22:30:52-08:00,0,0
style.css,241,css,92548da3,skvillamin,2025-02-07,22:30:52,-08:00,2025-02-07T22:30:52-08:00,0,18
style.css,242,css,92548da3,skvillamin,2025-02-07,22:30:52,-08:00,2025-02-07T22:30:52-08:00,0,13
style.css,243,css,92548da3,skvillamin,2025-02-07,22:30:52,-08:00,2025-02-07T22:30:52-08:00,0,18
style.css,244,css,92548da3,skvillamin,2025-02-07,22:30:52,-08:00,2025-02-07T22:30:52-08:00,0,0
style.css,245,css,92548da3,skvillamin,2025-02-07,22:30:52,-08:00,2025-02-07T22:30:52-08:00,0,0
style.css,246,css,92548da3,skvillamin,2025-02-07,22:30:52,-08:00,2025-02-07T22:30:52-08:00,0,11
style.css,247,css,92548da3,skvillamin,2025-02-07,22:30:52,-08:00,2025-02-07T22:30:52-08:00,0,14
style.css,248,css,92548da3,skvillamin,2025-02-07,22:30:52,-08:00,2025-02-07T22:30:52-08:00,0,11
style.css,249,css,92548da3,skvillamin,2025-02-07,22:30:52,-08:00,2025-02-07T22:30:52-08:00,0,45
style.css,250,css,92548da3,skvillamin,2025-02-07,22:30:52,-08:00,2025-02-07T22:30:52-08:00,0,14
style.css,251,css,92548da3,skvillamin,2025-02-07,22:30:52,-08:00,2025-02-07T22:30:52-08:00,0,39
style.css,252,css,92548da3,skvillamin,2025-02-07,22:30:52,-08:00,2025-02-07T22:30:52-08:00,0,45
style.css,253,css,92548da3,skvillamin,2025-02-07,22:30:52,-08:00,2025-02-07T22:30:52-08:00,0,22
style.css,254,css,92548da3,skvillamin,2025-02-07,22:30:52,-08:00,2025-02-07T22:30:52-08:00,0,18
style.css,255,css,92548da3,skvillamin,2025-02-07,22:30:52,-08:00,2025-02-07T22:30:52-08:00,0,22
style.css,256,css,92548da3,skvillamin,2025-02-07,22:30:52,-08:00,2025-02-07T22:30:52-08:00,0,0
style.css,257,css,92548da3,skvillamin,2025-02-07,22:30:52,-08:00,2025-02-07T22:30:52-08:00,0,0
style.css,258,css,92548da3,skvillamin,2025-02-07,22:30:52,-08:00,2025-02-07T22:30:52-08:00,0,18
style.css,259,css,92548da3,skvillamin,2025-02-07,22:30:52,-08:00,2025-02-07T22:30:52-08:00,0,17
style.css,260,css,92548da3,skvillamin,2025-02-07,22:30:52,-08:00,2025-02-07T22:30:52-08:00,0,12
style.css,261,css,92548da3,skvillamin,2025-02-07,22:30:52,-08:00,2025-02-07T22:30:52-08:00,0,0
style.css,262,css,92548da3,skvillamin,2025-02-07,22:30:52,-08:00,2025-02-07T22:30:52-08:00,0,0
style.css,263,css,92548da3,skvillamin,2025-02-07,22:30:52,-08:00,2025-02-07T22:30:52-08:00,0,0
style.css,264,css,92548da3,skvillamin,2025-02-07,22:30:52,-08:00,2025-02-07T22:30:52-08:00,0,5
style.css,265,css,92548da3,skvillamin,2025-02-07,22:30:52,-08:00,2025-02-07T22:30:52-08:00,0,17
style.css,266,css,92548da3,skvillamin,2025-02-07,22:30:52,-08:00,2025-02-07T22:30:52-08:00,0,15
style.css,267,css,92548da3,skvillamin,2025-02-07,22:30:52,-08:00,2025-02-07T22:30:52-08:00,0,0
style.css,268,css,92548da3,skvillamin,2025-02-07,22:30:52,-08:00,2025-02-07T22:30:52-08:00,0,0
style.css,269,css,92548da3,skvillamin,2025-02-07,22:30:52,-08:00,2025-02-07T22:30:52-08:00,0,10
style.css,270,css,92548da3,skvillamin,2025-02-07,22:30:52,-08:00,2025-02-07T22:30:52-08:00,0,47
style.css,271,css,92548da3,skvillamin,2025-02-07,22:30:52,-08:00,2025-02-07T22:30:52-08:00,0,0
style.css,272,css,92548da3,skvillamin,2025-02-07,22:30:52,-08:00,2025-02-07T22:30:52-08:00,0,11
style.css,273,css,92548da3,skvillamin,2025-02-07,22:30:52,-08:00,2025-02-07T22:30:52-08:00,0,18
style.css,274,css,92548da3,skvillamin,2025-02-07,22:30:52,-08:00,2025-02-07T22:30:52-08:00,0,0
style.css,275,css,8f8e564a,skvillamin,2025-01-25,19:30:02,-08:00,2025-01-25T19:30:02-08:00,0,0
index.js,1,js,e32b9b57,skvillamin,2025-01-31,22:37:33,-08:00,2025-01-31T22:37:33-08:00,0,72
index.js,2,js,e32b9b57,skvillamin,2025-01-31,22:37:33,-08:00,2025-01-31T22:37:33-08:00,0,0
index.js,3,js,e32b9b57,skvillamin,2025-01-31,22:37:33,-08:00,2025-01-31T22:37:33-08:00,0,55
index.js,4,js,e32b9b57,skvillamin,2025-01-31,22:37:33,-08:00,2025-01-31T22:37:33-08:00,0,43
index.js,5,js,e32b9b57,skvillamin,2025-01-31,22:37:33,-08:00,2025-01-31T22:37:33-08:00,0,0
index.js,6,js,e32b9b57,skvillamin,2025-01-31,22:37:33,-08:00,2025-01-31T22:37:33-08:00,0,61
index.js,7,js,e32b9b57,skvillamin,2025-01-31,22:37:33,-08:00,2025-01-31T22:37:33-08:00,0,23
index.js,8,js,e32b9b57,skvillamin,2025-01-31,22:37:33,-08:00,2025-01-31T22:37:33-08:00,0,55
index.js,9,js,e32b9b57,skvillamin,2025-01-31,22:37:33,-08:00,2025-01-31T22:37:33-08:00,0,7
index.js,10,js,e32b9b57,skvillamin,2025-01-31,22:37:33,-08:00,2025-01-31T22:37:33-08:00,0,74
index.js,11,js,e32b9b57,skvillamin,2025-01-31,22:37:33,-08:00,2025-01-31T22:37:33-08:00,0,0
index.js,12,js,e32b9b57,skvillamin,2025-01-31,22:37:33,-08:00,2025-01-31T22:37:33-08:00,0,0
index.js,13,js,e32b9b57,skvillamin,2025-01-31,22:37:33,-08:00,2025-01-31T22:37:33-08:00,0,54
index.js,14,js,e32b9b57,skvillamin,2025-01-31,22:37:33,-08:00,2025-01-31T22:37:33-08:00,0,61
index.js,15,js,e32b9b57,skvillamin,2025-01-31,22:37:33,-08:00,2025-01-31T22:37:33-08:00,0,0
index.js,16,js,e32b9b57,skvillamin,2025-01-31,22:37:33,-08:00,2025-01-31T22:37:33-08:00,0,18
index.js,17,js,e32b9b57,skvillamin,2025-01-31,22:37:33,-08:00,2025-01-31T22:37:33-08:00,0,25
index.js,18,js,e32b9b57,skvillamin,2025-01-31,22:37:33,-08:00,2025-01-31T22:37:33-08:00,0,3
index.js,19,js,e32b9b57,skvillamin,2025-01-31,22:37:33,-08:00,2025-01-31T22:37:33-08:00,0,20
index.js,20,js,e32b9b57,skvillamin,2025-01-31,22:37:33,-08:00,2025-01-31T22:37:33-08:00,0,20
index.js,21,js,e32b9b57,skvillamin,2025-01-31,22:37:33,-08:00,2025-01-31T22:37:33-08:00,0,17
index.js,22,js,e32b9b57,skvillamin,2025-01-31,22:37:33,-08:00,2025-01-31T22:37:33-08:00,0,17
index.js,23,js,e32b9b57,skvillamin,2025-01-31,22:37:33,-08:00,2025-01-31T22:37:33-08:00,0,34
index.js,24,js,e32b9b57,skvillamin,2025-01-31,22:37:33,-08:00,2025-01-31T22:37:33-08:00,0,34
index.js,25,js,e32b9b57,skvillamin,2025-01-31,22:37:33,-08:00,2025-01-31T22:37:33-08:00,0,31
index.js,26,js,e32b9b57,skvillamin,2025-01-31,22:37:33,-08:00,2025-01-31T22:37:33-08:00,0,31
index.js,27,js,e32b9b57,skvillamin,2025-01-31,22:37:33,-08:00,2025-01-31T22:37:33-08:00,0,4
index.js,28,js,e32b9b57,skvillamin,2025-01-31,22:37:33,-08:00,2025-01-31T22:37:33-08:00,0,1
index.js,29,js,e32b9b57,skvillamin,2025-01-31,22:37:33,-08:00,2025-01-31T22:37:33-08:00,0,0
index.html,1,html,8bd0b5e3,skvillamin,2025-01-16,21:43:51,-08:00,2025-01-16T21:43:51-08:00,0,14
index.html,2,html,8f8e564a,skvillamin,2025-01-25,19:30:02,-08:00,2025-01-25T19:30:02-08:00,0,18
index.html,3,html,bd708657,skvillamin,2025-01-16,22:07:20,-08:00,2025-01-16T22:07:20-08:00,0,5
index.html,4,html,bd708657,skvillamin,2025-01-16,22:07:20,-08:00,2025-01-16T22:07:20-08:00,0,39
index.html,5,html,8bd0b5e3,skvillamin,2025-01-16,21:43:51,-08:00,2025-01-16T21:43:51-08:00,0,21
index.html,6,html,8bd0b5e3,skvillamin,2025-01-16,21:43:51,-08:00,2025-01-16T21:43:51-08:00,0,69
index.html,7,html,8bd0b5e3,skvillamin,2025-01-16,21:43:51,-08:00,2025-01-16T21:43:51-08:00,0,59
index.html,8,html,8bd0b5e3,skvillamin,2025-01-16,21:43:51,-08:00,2025-01-16T21:43:51-08:00,0,6
index.html,9,html,8f8e564a,skvillamin,2025-01-25,19:30:02,-08:00,2025-01-25T19:30:02-08:00,0,0
index.html,10,html,8bd0b5e3,skvillamin,2025-01-16,21:43:51,-08:00,2025-01-16T21:43:51-08:00,0,5
index.html,11,html,8bd0b5e3,skvillamin,2025-01-16,21:43:51,-08:00,2025-01-16T21:43:51-08:00,0,15
index.html,12,html,2e0019a8,skvillamin,2025-01-17,22:31:03,-08:00,2025-01-17T22:31:03-08:00,0,118
index.html,13,html,b36c0f09,skvillamin,2025-01-17,14:52:45,-08:00,2025-01-17T14:52:45-08:00,0,49
index.html,14,html,b36c0f09,skvillamin,2025-01-17,14:52:45,-08:00,2025-01-17T14:52:45-08:00,0,3
index.html,15,html,2e0019a8,skvillamin,2025-01-17,22:31:03,-08:00,2025-01-17T22:31:03-08:00,0,149
index.html,16,html,e32b9b57,skvillamin,2025-01-31,22:37:33,-08:00,2025-01-31T22:37:33-08:00,0,23
index.html,17,html,e32b9b57,skvillamin,2025-01-31,22:37:33,-08:00,2025-01-31T22:37:33-08:00,0,26
index.html,18,html,e32b9b57,skvillamin,2025-01-31,22:37:33,-08:00,2025-01-31T22:37:33-08:00,0,50
index.html,19,html,e32b9b57,skvillamin,2025-01-31,22:37:33,-08:00,2025-01-31T22:37:33-08:00,0,5
index.html,20,html,e32b9b57,skvillamin,2025-01-31,22:37:33,-08:00,2025-01-31T22:37:33-08:00,0,23
index.html,21,html,e32b9b57,skvillamin,2025-01-31,22:37:33,-08:00,2025-01-31T22:37:33-08:00,0,21
index.html,22,html,e32b9b57,skvillamin,2025-01-31,22:37:33,-08:00,2025-01-31T22:37:33-08:00,0,50
index.html,23,html,e32b9b57,skvillamin,2025-01-31,22:37:33,-08:00,2025-01-31T22:37:33-08:00,0,5
index.html,24,html,e32b9b57,skvillamin,2025-01-31,22:37:33,-08:00,2025-01-31T22:37:33-08:00,0,46
index.html,25,html,e32b9b57,skvillamin,2025-01-31,22:37:33,-08:00,2025-01-31T22:37:33-08:00,0,51
index.html,26,html,8bd0b5e3,skvillamin,2025-01-16,21:43:51,-08:00,2025-01-16T21:43:51-08:00,0,6
index.html,27,html,8bd0b5e3,skvillamin,2025-01-16,21:43:51,-08:00,2025-01-16T21:43:51-08:00,0,6
global.js,1,js,8f8e564a,skvillamin,2025-01-25,19:30:02,-08:00,2025-01-25T19:30:02-08:00,0,26
global.js,2,js,8f8e564a,skvillamin,2025-01-25,19:30:02,-08:00,2025-01-25T19:30:02-08:00,0,42
global.js,3,js,8f8e564a,skvillamin,2025-01-25,19:30:02,-08:00,2025-01-25T19:30:02-08:00,0,53
global.js,4,js,8f8e564a,skvillamin,2025-01-25,19:30:02,-08:00,2025-01-25T19:30:02-08:00,0,0
global.js,5,js,8f8e564a,skvillamin,2025-01-25,19:30:02,-08:00,2025-01-25T19:30:02-08:00,0,0
global.js,6,js,8f8e564a,skvillamin,2025-01-25,19:30:02,-08:00,2025-01-25T19:30:02-08:00,0,71
global.js,7,js,8f8e564a,skvillamin,2025-01-25,19:30:02,-08:00,2025-01-25T19:30:02-08:00,0,0
global.js,8,js,8f8e564a,skvillamin,2025-01-25,19:30:02,-08:00,2025-01-25T19:30:02-08:00,0,20
global.js,9,js,8f8e564a,skvillamin,2025-01-25,19:30:02,-08:00,2025-01-25T19:30:02-08:00,0,12
global.js,10,js,8f8e564a,skvillamin,2025-01-25,19:30:02,-08:00,2025-01-25T19:30:02-08:00,0,26
global.js,11,js,e32b9b57,skvillamin,2025-01-31,22:37:33,-08:00,2025-01-31T22:37:33-08:00,0,49
global.js,12,js,e32b9b57,skvillamin,2025-01-31,22:37:33,-08:00,2025-01-31T22:37:33-08:00,0,45
global.js,13,js,e32b9b57,skvillamin,2025-01-31,22:37:33,-08:00,2025-01-31T22:37:33-08:00,0,47
global.js,14,js,8f8e564a,skvillamin,2025-01-25,19:30:02,-08:00,2025-01-25T19:30:02-08:00,0,57
global.js,15,js,8f8e564a,skvillamin,2025-01-25,19:30:02,-08:00,2025-01-25T19:30:02-08:00,0,1
global.js,16,js,8f8e564a,skvillamin,2025-01-25,19:30:02,-08:00,2025-01-25T19:30:02-08:00,0,0
global.js,17,js,8f8e564a,skvillamin,2025-01-25,19:30:02,-08:00,2025-01-25T19:30:02-08:00,0,39
global.js,18,js,8f8e564a,skvillamin,2025-01-25,19:30:02,-08:00,2025-01-25T19:30:02-08:00,0,0
global.js,19,js,8f8e564a,skvillamin,2025-01-25,19:30:02,-08:00,2025-01-25T19:30:02-08:00,0,21
global.js,20,js,8f8e564a,skvillamin,2025-01-25,19:30:02,-08:00,2025-01-25T19:30:02-08:00,0,15
global.js,21,js,8f8e564a,skvillamin,2025-01-25,19:30:02,-08:00,2025-01-25T19:30:02-08:00,0,19
global.js,22,js,8f8e564a,skvillamin,2025-01-25,19:30:02,-08:00,2025-01-25T19:30:02-08:00,0,0
global.js,23,js,8f8e564a,skvillamin,2025-01-25,19:30:02,-08:00,2025-01-25T19:30:02-08:00,0,65
global.js,24,js,8f8e564a,skvillamin,2025-01-25,19:30:02,-08:00,2025-01-25T19:30:02-08:00,0,0
global.js,25,js,8f8e564a,skvillamin,2025-01-25,19:30:02,-08:00,2025-01-25T19:30:02-08:00,0,35
global.js,26,js,8f8e564a,skvillamin,2025-01-25,19:30:02,-08:00,2025-01-25T19:30:02-08:00,0,12
global.js,27,js,8f8e564a,skvillamin,2025-01-25,19:30:02,-08:00,2025-01-25T19:30:02-08:00,0,21
global.js,28,js,8f8e564a,skvillamin,2025-01-25,19:30:02,-08:00,2025-01-25T19:30:02-08:00,0,0
global.js,29,js,8f8e564a,skvillamin,2025-01-25,19:30:02,-08:00,2025-01-25T19:30:02-08:00,0,66
global.js,30,js,8f8e564a,skvillamin,2025-01-25,19:30:02,-08:00,2025-01-25T19:30:02-08:00,0,26
global.js,31,js,8f8e564a,skvillamin,2025-01-25,19:30:02,-08:00,2025-01-25T19:30:02-08:00,0,0
global.js,32,js,8f8e564a,skvillamin,2025-01-25,19:30:02,-08:00,2025-01-25T19:30:02-08:00,0,0
global.js,33,js,8f8e564a,skvillamin,2025-01-25,19:30:02,-08:00,2025-01-25T19:30:02-08:00,0,30
global.js,34,js,8f8e564a,skvillamin,2025-01-25,19:30:02,-08:00,2025-01-25T19:30:02-08:00,0,19
global.js,35,js,8f8e564a,skvillamin,2025-01-25,19:30:02,-08:00,2025-01-25T19:30:02-08:00,0,0
global.js,36,js,8f8e564a,skvillamin,2025-01-25,19:30:02,-08:00,2025-01-25T19:30:02-08:00,0,0
global.js,37,js,8f8e564a,skvillamin,2025-01-25,19:30:02,-08:00,2025-01-25T19:30:02-08:00,0,13
global.js,38,js,8f8e564a,skvillamin,2025-01-25,19:30:02,-08:00,2025-01-25T19:30:02-08:00,0,0
global.js,39,js,8f8e564a,skvillamin,2025-01-25,19:30:02,-08:00,2025-01-25T19:30:02-08:00,0,0
global.js,40,js,8f8e564a,skvillamin,2025-01-25,19:30:02,-08:00,2025-01-25T19:30:02-08:00,0,26
global.js,41,js,8f8e564a,skvillamin,2025-01-25,19:30:02,-08:00,2025-01-25T19:30:02-08:00,0,0
global.js,42,js,8f8e564a,skvillamin,2025-01-25,19:30:02,-08:00,2025-01-25T19:30:02-08:00,0,37
global.js,43,js,8f8e564a,skvillamin,2025-01-25,19:30:02,-08:00,2025-01-25T19:30:02-08:00,0,71
global.js,44,js,8f8e564a,skvillamin,2025-01-25,19:30:02,-08:00,2025-01-25T19:30:02-08:00,0,38
global.js,45,js,8f8e564a,skvillamin,2025-01-25,19:30:02,-08:00,2025-01-25T19:30:02-08:00,0,0
global.js,46,js,8f8e564a,skvillamin,2025-01-25,19:30:02,-08:00,2025-01-25T19:30:02-08:00,0,0
global.js,47,js,8f8e564a,skvillamin,2025-01-25,19:30:02,-08:00,2025-01-25T19:30:02-08:00,0,32
global.js,48,js,8f8e564a,skvillamin,2025-01-25,19:30:02,-08:00,2025-01-25T19:30:02-08:00,0,12
global.js,49,js,8f8e564a,skvillamin,2025-01-25,19:30:02,-08:00,2025-01-25T19:30:02-08:00,0,0
global.js,50,js,8f8e564a,skvillamin,2025-01-25,19:30:02,-08:00,2025-01-25T19:30:02-08:00,0,27
global.js,51,js,8f8e564a,skvillamin,2025-01-25,19:30:02,-08:00,2025-01-25T19:30:02-08:00,0,5
global.js,52,js,8f8e564a,skvillamin,2025-01-25,19:30:02,-08:00,2025-01-25T19:30:02-08:00,0,7
global.js,53,js,8f8e564a,skvillamin,2025-01-25,19:30:02,-08:00,2025-01-25T19:30:02-08:00,0,67
global.js,54,js,8f8e564a,skvillamin,2025-01-25,19:30:02,-08:00,2025-01-25T19:30:02-08:00,0,53
global.js,55,js,8f8e564a,skvillamin,2025-01-25,19:30:02,-08:00,2025-01-25T19:30:02-08:00,0,35
global.js,56,js,8f8e564a,skvillamin,2025-01-25,19:30:02,-08:00,2025-01-25T19:30:02-08:00,0,33
global.js,57,js,8f8e564a,skvillamin,2025-01-25,19:30:02,-08:00,2025-01-25T19:30:02-08:00,0,8
global.js,58,js,8f8e564a,skvillamin,2025-01-25,19:30:02,-08:00,2025-01-25T19:30:02-08:00,0,7
global.js,59,js,8f8e564a,skvillamin,2025-01-25,19:30:02,-08:00,2025-01-25T19:30:02-08:00,0,0
global.js,60,js,8f8e564a,skvillamin,2025-01-25,19:30:02,-08:00,2025-01-25T19:30:02-08:00,0,1
global.js,61,js,8f8e564a,skvillamin,2025-01-25,19:30:02,-08:00,2025-01-25T19:30:02-08:00,0,0
global.js,62,js,8f8e564a,skvillamin,2025-01-25,19:30:02,-08:00,2025-01-25T19:30:02-08:00,0,61
global.js,63,js,8f8e564a,skvillamin,2025-01-25,19:30:02,-08:00,2025-01-25T19:30:02-08:00,0,0
global.js,64,js,8f8e564a,skvillamin,2025-01-25,19:30:02,-08:00,2025-01-25T19:30:02-08:00,0,0
global.js,65,js,8f8e564a,skvillamin,2025-01-25,19:30:02,-08:00,2025-01-25T19:30:02-08:00,0,35
global.js,66,js,8f8e564a,skvillamin,2025-01-25,19:30:02,-08:00,2025-01-25T19:30:02-08:00,0,39
global.js,67,js,8f8e564a,skvillamin,2025-01-25,19:30:02,-08:00,2025-01-25T19:30:02-08:00,0,84
global.js,68,js,8f8e564a,skvillamin,2025-01-25,19:30:02,-08:00,2025-01-25T19:30:02-08:00,0,7
global.js,69,js,8f8e564a,skvillamin,2025-01-25,19:30:02,-08:00,2025-01-25T19:30:02-08:00,0,27
global.js,70,js,8f8e564a,skvillamin,2025-01-25,19:30:02,-08:00,2025-01-25T19:30:02-08:00,0,0
global.js,71,js,8f8e564a,skvillamin,2025-01-25,19:30:02,-08:00,2025-01-25T19:30:02-08:00,0,0
global.js,72,js,8f8e564a,skvillamin,2025-01-25,19:30:02,-08:00,2025-01-25T19:30:02-08:00,0,50
global.js,73,js,8f8e564a,skvillamin,2025-01-25,19:30:02,-08:00,2025-01-25T19:30:02-08:00,0,34
global.js,74,js,e32b9b57,skvillamin,2025-01-31,22:37:33,-08:00,2025-01-31T22:37:33-08:00,0,2
global.js,75,js,e32b9b57,skvillamin,2025-01-31,22:37:33,-08:00,2025-01-31T22:37:33-08:00,0,0
global.js,76,js,e32b9b57,skvillamin,2025-01-31,22:37:33,-08:00,2025-01-31T22:37:33-08:00,0,51
global.js,77,js,e32b9b57,skvillamin,2025-01-31,22:37:33,-08:00,2025-01-31T22:37:33-08:00,0,4
global.js,78,js,e32b9b57,skvillamin,2025-01-31,22:37:33,-08:00,2025-01-31T22:37:33-08:00,0,42
global.js,79,js,e32b9b57,skvillamin,2025-01-31,22:37:33,-08:00,2025-01-31T22:37:33-08:00,0,18
global.js,80,js,e32b9b57,skvillamin,2025-01-31,22:37:33,-08:00,2025-01-31T22:37:33-08:00,0,82
global.js,81,js,e32b9b57,skvillamin,2025-01-31,22:37:33,-08:00,2025-01-31T22:37:33-08:00,0,0
global.js,82,js,e32b9b57,skvillamin,2025-01-31,22:37:33,-08:00,2025-01-31T22:37:33-08:00,0,28
global.js,83,js,e32b9b57,skvillamin,2025-01-31,22:37:33,-08:00,2025-01-31T22:37:33-08:00,0,16
global.js,84,js,e32b9b57,skvillamin,2025-01-31,22:37:33,-08:00,2025-01-31T22:37:33-08:00,0,44
global.js,85,js,e32b9b57,skvillamin,2025-01-31,22:37:33,-08:00,2025-01-31T22:37:33-08:00,0,0
global.js,86,js,e32b9b57,skvillamin,2025-01-31,22:37:33,-08:00,2025-01-31T22:37:33-08:00,0,0
global.js,87,js,e32b9b57,skvillamin,2025-01-31,22:37:33,-08:00,2025-01-31T22:37:33-08:00,0,0
global.js,88,js,e32b9b57,skvillamin,2025-01-31,22:37:33,-08:00,2025-01-31T22:37:33-08:00,0,0
global.js,89,js,e32b9b57,skvillamin,2025-01-31,22:37:33,-08:00,2025-01-31T22:37:33-08:00,0,80
global.js,90,js,e32b9b57,skvillamin,2025-01-31,22:37:33,-08:00,2025-01-31T22:37:33-08:00,0,23
global.js,91,js,e32b9b57,skvillamin,2025-01-31,22:37:33,-08:00,2025-01-31T22:37:33-08:00,0,52
global.js,92,js,e32b9b57,skvillamin,2025-01-31,22:37:33,-08:00,2025-01-31T22:37:33-08:00,0,6
global.js,93,js,e32b9b57,skvillamin,2025-01-31,22:37:33,-08:00,2025-01-31T22:37:33-08:00,0,0
global.js,94,js,e32b9b57,skvillamin,2025-01-31,22:37:33,-08:00,2025-01-31T22:37:33-08:00,0,0
global.js,95,js,e32b9b57,skvillamin,2025-01-31,22:37:33,-08:00,2025-01-31T22:37:33-08:00,0,31
global.js,96,js,e32b9b57,skvillamin,2025-01-31,22:37:33,-08:00,2025-01-31T22:37:33-08:00,0,0
global.js,97,js,e32b9b57,skvillamin,2025-01-31,22:37:33,-08:00,2025-01-31T22:37:33-08:00,0,27
global.js,98,js,e32b9b57,skvillamin,2025-01-31,22:37:33,-08:00,2025-01-31T22:37:33-08:00,0,60
global.js,99,js,e32b9b57,skvillamin,2025-01-31,22:37:33,-08:00,2025-01-31T22:37:33-08:00,0,6
global.js,100,js,e32b9b57,skvillamin,2025-01-31,22:37:33,-08:00,2025-01-31T22:37:33-08:00,0,0
global.js,101,js,e32b9b57,skvillamin,2025-01-31,22:37:33,-08:00,2025-01-31T22:37:33-08:00,0,0
global.js,102,js,e32b9b57,skvillamin,2025-01-31,22:37:33,-08:00,2025-01-31T22:37:33-08:00,0,28
global.js,103,js,e32b9b57,skvillamin,2025-01-31,22:37:33,-08:00,2025-01-31T22:37:33-08:00,0,49
global.js,104,js,e32b9b57,skvillamin,2025-01-31,22:37:33,-08:00,2025-01-31T22:37:33-08:00,0,20
global.js,105,js,e32b9b57,skvillamin,2025-01-31,22:37:33,-08:00,2025-01-31T22:37:33-08:00,0,50
global.js,106,js,e32b9b57,skvillamin,2025-01-31,22:37:33,-08:00,2025-01-31T22:37:33-08:00,0,50
global.js,107,js,92548da3,skvillamin,2025-02-07,22:30:52,-08:00,2025-02-07T22:30:52-08:00,0,25
global.js,108,js,92548da3,skvillamin,2025-02-07,22:30:52,-08:00,2025-02-07T22:30:52-08:00,0,28
global.js,109,js,92548da3,skvillamin,2025-02-07,22:30:52,-08:00,2025-02-07T22:30:52-08:00,0,67
global.js,110,js,92548da3,skvillamin,2025-02-07,22:30:52,-08:00,2025-02-07T22:30:52-08:00,0,5
global.js,111,js,e32b9b57,skvillamin,2025-01-31,22:37:33,-08:00,2025-01-31T22:37:33-08:00,0,1
global.js,112,js,e32b9b57,skvillamin,2025-01-31,22:37:33,-08:00,2025-01-31T22:37:33-08:00,0,37
global.js,113,js,e32b9b57,skvillamin,2025-01-31,22:37:33,-08:00,2025-01-31T22:37:33-08:00,0,2
global.js,114,js,e32b9b57,skvillamin,2025-01-31,22:37:33,-08:00,2025-01-31T22:37:33-08:00,0,0
global.js,115,js,e32b9b57,skvillamin,2025-01-31,22:37:33,-08:00,2025-01-31T22:37:33-08:00,0,0
global.js,116,js,e32b9b57,skvillamin,2025-01-31,22:37:33,-08:00,2025-01-31T22:37:33-08:00,0,48
global.js,117,js,e32b9b57,skvillamin,2025-01-31,22:37:33,-08:00,2025-01-31T22:37:33-08:00,0,60
global.js,118,js,e32b9b57,skvillamin,2025-01-31,22:37:33,-08:00,2025-01-31T22:37:33-08:00,0,0
resume\index.html,1,html,35a634af,skvillamin,2025-01-17,14:27:31,-08:00,2025-01-17T14:27:31-08:00,0,14
resume\index.html,2,html,35a634af,skvillamin,2025-01-17,14:27:31,-08:00,2025-01-17T14:27:31-08:00,0,15
resume\index.html,3,html,35a634af,skvillamin,2025-01-17,14:27:31,-08:00,2025-01-17T14:27:31-08:00,0,5
resume\index.html,4,html,07be710c,skvillamin,2025-01-17,21:35:54,-08:00,2025-01-17T21:35:54-08:00,0,42
resume\index.html,5,html,35a634af,skvillamin,2025-01-17,14:27:31,-08:00,2025-01-17T14:27:31-08:00,0,21
resume\index.html,6,html,35a634af,skvillamin,2025-01-17,14:27:31,-08:00,2025-01-17T14:27:31-08:00,0,69
resume\index.html,7,html,8f8e564a,skvillamin,2025-01-25,19:30:02,-08:00,2025-01-25T19:30:02-08:00,0,49
resume\index.html,8,html,35a634af,skvillamin,2025-01-17,14:27:31,-08:00,2025-01-17T14:27:31-08:00,0,20
resume\index.html,9,html,35a634af,skvillamin,2025-01-17,14:27:31,-08:00,2025-01-17T14:27:31-08:00,0,6
resume\index.html,10,html,35a634af,skvillamin,2025-01-17,14:27:31,-08:00,2025-01-17T14:27:31-08:00,0,5
resume\index.html,11,html,7ef9a743,skvillamin,2025-01-17,14:35:54,-08:00,2025-01-17T14:35:54-08:00,0,0
resume\index.html,12,html,125a7b56,skvillamin,2025-01-17,22:21:25,-08:00,2025-01-17T22:21:25-08:00,0,3
resume\index.html,13,html,7ef9a743,skvillamin,2025-01-17,14:35:54,-08:00,2025-01-17T14:35:54-08:00,0,24
resume\index.html,14,html,7ef9a743,skvillamin,2025-01-17,14:35:54,-08:00,2025-01-17T14:35:54-08:00,0,22
resume\index.html,15,html,7ef9a743,skvillamin,2025-01-17,14:35:54,-08:00,2025-01-17T14:35:54-08:00,0,0
resume\index.html,16,html,e3a0fbd8,skvillamin,2025-01-17,14:42:13,-08:00,2025-01-17T14:42:13-08:00,0,8
resume\index.html,17,html,e3a0fbd8,skvillamin,2025-01-17,14:42:13,-08:00,2025-01-17T14:42:13-08:00,0,17
resume\index.html,18,html,e3a0fbd8,skvillamin,2025-01-17,14:42:13,-08:00,2025-01-17T14:42:13-08:00,0,84
resume\index.html,19,html,125a7b56,skvillamin,2025-01-17,22:21:25,-08:00,2025-01-17T22:21:25-08:00,0,49
resume\index.html,20,html,e3a0fbd8,skvillamin,2025-01-17,14:42:13,-08:00,2025-01-17T14:42:13-08:00,0,9
resume\index.html,21,html,e3a0fbd8,skvillamin,2025-01-17,14:42:13,-08:00,2025-01-17T14:42:13-08:00,0,0
resume\index.html,22,html,e3a0fbd8,skvillamin,2025-01-17,14:42:13,-08:00,2025-01-17T14:42:13-08:00,0,8
resume\index.html,23,html,e3a0fbd8,skvillamin,2025-01-17,14:42:13,-08:00,2025-01-17T14:42:13-08:00,0,16
resume\index.html,24,html,e3a0fbd8,skvillamin,2025-01-17,14:42:13,-08:00,2025-01-17T14:42:13-08:00,0,99
resume\index.html,25,html,125a7b56,skvillamin,2025-01-17,22:21:25,-08:00,2025-01-17T22:21:25-08:00,0,43
resume\index.html,26,html,e3a0fbd8,skvillamin,2025-01-17,14:42:13,-08:00,2025-01-17T14:42:13-08:00,0,3
resume\index.html,27,html,e3a0fbd8,skvillamin,2025-01-17,14:42:13,-08:00,2025-01-17T14:42:13-08:00,0,125
resume\index.html,28,html,362bd005,skvillamin,2025-01-17,20:36:37,-08:00,2025-01-17T20:36:37-08:00,0,77
resume\index.html,29,html,362bd005,skvillamin,2025-01-17,20:36:37,-08:00,2025-01-17T20:36:37-08:00,0,49
resume\index.html,30,html,362bd005,skvillamin,2025-01-17,20:36:37,-08:00,2025-01-17T20:36:37-08:00,0,73
resume\index.html,31,html,362bd005,skvillamin,2025-01-17,20:36:37,-08:00,2025-01-17T20:36:37-08:00,0,44
resume\index.html,32,html,362bd005,skvillamin,2025-01-17,20:36:37,-08:00,2025-01-17T20:36:37-08:00,0,4
resume\index.html,33,html,362bd005,skvillamin,2025-01-17,20:36:37,-08:00,2025-01-17T20:36:37-08:00,0,67
resume\index.html,34,html,362bd005,skvillamin,2025-01-17,20:36:37,-08:00,2025-01-17T20:36:37-08:00,0,25
resume\index.html,35,html,125a7b56,skvillamin,2025-01-17,22:21:25,-08:00,2025-01-17T22:21:25-08:00,0,42
resume\index.html,36,html,362bd005,skvillamin,2025-01-17,20:36:37,-08:00,2025-01-17T20:36:37-08:00,0,3
resume\index.html,37,html,362bd005,skvillamin,2025-01-17,20:36:37,-08:00,2025-01-17T20:36:37-08:00,0,73
resume\index.html,38,html,362bd005,skvillamin,2025-01-17,20:36:37,-08:00,2025-01-17T20:36:37-08:00,0,55
resume\index.html,39,html,362bd005,skvillamin,2025-01-17,20:36:37,-08:00,2025-01-17T20:36:37-08:00,0,79
resume\index.html,40,html,362bd005,skvillamin,2025-01-17,20:36:37,-08:00,2025-01-17T20:36:37-08:00,0,22
resume\index.html,41,html,362bd005,skvillamin,2025-01-17,20:36:37,-08:00,2025-01-17T20:36:37-08:00,0,67
resume\index.html,42,html,362bd005,skvillamin,2025-01-17,20:36:37,-08:00,2025-01-17T20:36:37-08:00,0,69
resume\index.html,43,html,362bd005,skvillamin,2025-01-17,20:36:37,-08:00,2025-01-17T20:36:37-08:00,0,15
resume\index.html,44,html,e3a0fbd8,skvillamin,2025-01-17,14:42:13,-08:00,2025-01-17T14:42:13-08:00,0,4
resume\index.html,45,html,e3a0fbd8,skvillamin,2025-01-17,14:42:13,-08:00,2025-01-17T14:42:13-08:00,0,9
resume\index.html,46,html,7ef9a743,skvillamin,2025-01-17,14:35:54,-08:00,2025-01-17T14:35:54-08:00,0,0
resume\index.html,47,html,7ef9a743,skvillamin,2025-01-17,14:35:54,-08:00,2025-01-17T14:35:54-08:00,0,0
resume\index.html,48,html,35a634af,skvillamin,2025-01-17,14:27:31,-08:00,2025-01-17T14:27:31-08:00,0,6
resume\index.html,49,html,35a634af,skvillamin,2025-01-17,14:27:31,-08:00,2025-01-17T14:27:31-08:00,0,6
projects\projects.js,1,js,e32b9b57,skvillamin,2025-01-31,22:37:33,-08:00,2025-01-31T22:37:33-08:00,0,56
projects\projects.js,2,js,92548da3,skvillamin,2025-02-07,22:30:52,-08:00,2025-02-07T22:30:52-08:00,0,64
projects\projects.js,3,js,e32b9b57,skvillamin,2025-01-31,22:37:33,-08:00,2025-01-31T22:37:33-08:00,0,0
projects\projects.js,4,js,92548da3,skvillamin,2025-02-07,22:30:52,-08:00,2025-02-07T22:30:52-08:00,0,20
projects\projects.js,5,js,e32b9b57,skvillamin,2025-01-31,22:37:33,-08:00,2025-01-31T22:37:33-08:00,0,56
projects\projects.js,6,js,e32b9b57,skvillamin,2025-01-31,22:37:33,-08:00,2025-01-31T22:37:33-08:00,0,61
projects\projects.js,7,js,e32b9b57,skvillamin,2025-01-31,22:37:33,-08:00,2025-01-31T22:37:33-08:00,0,49
projects\projects.js,8,js,92548da3,skvillamin,2025-02-07,22:30:52,-08:00,2025-02-07T22:30:52-08:00,0,0
projects\projects.js,9,js,92548da3,skvillamin,2025-02-07,22:30:52,-08:00,2025-02-07T22:30:52-08:00,0,53
projects\projects.js,10,js,92548da3,skvillamin,2025-02-07,22:30:52,-08:00,2025-02-07T22:30:52-08:00,0,35
projects\projects.js,11,js,92548da3,skvillamin,2025-02-07,22:30:52,-08:00,2025-02-07T22:30:52-08:00,0,45
projects\projects.js,12,js,92548da3,skvillamin,2025-02-07,22:30:52,-08:00,2025-02-07T22:30:52-08:00,0,26
projects\projects.js,13,js,92548da3,skvillamin,2025-02-07,22:30:52,-08:00,2025-02-07T22:30:52-08:00,0,0
projects\projects.js,14,js,92548da3,skvillamin,2025-02-07,22:30:52,-08:00,2025-02-07T22:30:52-08:00,0,22
projects\projects.js,15,js,92548da3,skvillamin,2025-02-07,22:30:52,-08:00,2025-02-07T22:30:52-08:00,0,14
projects\projects.js,16,js,92548da3,skvillamin,2025-02-07,22:30:52,-08:00,2025-02-07T22:30:52-08:00,0,0
projects\projects.js,17,js,92548da3,skvillamin,2025-02-07,22:30:52,-08:00,2025-02-07T22:30:52-08:00,0,45
projects\projects.js,18,js,92548da3,skvillamin,2025-02-07,22:30:52,-08:00,2025-02-07T22:30:52-08:00,0,39
projects\projects.js,19,js,92548da3,skvillamin,2025-02-07,22:30:52,-08:00,2025-02-07T22:30:52-08:00,0,39
projects\projects.js,20,js,92548da3,skvillamin,2025-02-07,22:30:52,-08:00,2025-02-07T22:30:52-08:00,0,26
projects\projects.js,21,js,92548da3,skvillamin,2025-02-07,22:30:52,-08:00,2025-02-07T22:30:52-08:00,0,30
projects\projects.js,22,js,92548da3,skvillamin,2025-02-07,22:30:52,-08:00,2025-02-07T22:30:52-08:00,0,33
projects\projects.js,23,js,92548da3,skvillamin,2025-02-07,22:30:52,-08:00,2025-02-07T22:30:52-08:00,0,31
projects\projects.js,24,js,92548da3,skvillamin,2025-02-07,22:30:52,-08:00,2025-02-07T22:30:52-08:00,0,0
projects\projects.js,25,js,92548da3,skvillamin,2025-02-07,22:30:52,-08:00,2025-02-07T22:30:52-08:00,0,26
projects\projects.js,26,js,92548da3,skvillamin,2025-02-07,22:30:52,-08:00,2025-02-07T22:30:52-08:00,0,30
projects\projects.js,27,js,92548da3,skvillamin,2025-02-07,22:30:52,-08:00,2025-02-07T22:30:52-08:00,0,13
projects\projects.js,28,js,92548da3,skvillamin,2025-02-07,22:30:52,-08:00,2025-02-07T22:30:52-08:00,0,15
projects\projects.js,29,js,92548da3,skvillamin,2025-02-07,22:30:52,-08:00,2025-02-07T22:30:52-08:00,0,13
projects\projects.js,30,js,92548da3,skvillamin,2025-02-07,22:30:52,-08:00,2025-02-07T22:30:52-08:00,0,1
projects\projects.js,31,js,92548da3,skvillamin,2025-02-07,22:30:52,-08:00,2025-02-07T22:30:52-08:00,0,0
projects\projects.js,32,js,92548da3,skvillamin,2025-02-07,22:30:52,-08:00,2025-02-07T22:30:52-08:00,0,19
projects\projects.js,33,js,92548da3,skvillamin,2025-02-07,22:30:52,-08:00,2025-02-07T22:30:52-08:00,0,51
projects\projects.js,34,js,92548da3,skvillamin,2025-02-07,22:30:52,-08:00,2025-02-07T22:30:52-08:00,0,36
projects\projects.js,35,js,92548da3,skvillamin,2025-02-07,22:30:52,-08:00,2025-02-07T22:30:52-08:00,0,2
projects\projects.js,36,js,92548da3,skvillamin,2025-02-07,22:30:52,-08:00,2025-02-07T22:30:52-08:00,0,0
projects\projects.js,37,js,92548da3,skvillamin,2025-02-07,22:30:52,-08:00,2025-02-07T22:30:52-08:00,0,51
projects\projects.js,38,js,92548da3,skvillamin,2025-02-07,22:30:52,-08:00,2025-02-07T22:30:52-08:00,0,58
projects\projects.js,39,js,92548da3,skvillamin,2025-02-07,22:30:52,-08:00,2025-02-07T22:30:52-08:00,0,51
projects\projects.js,40,js,92548da3,skvillamin,2025-02-07,22:30:52,-08:00,2025-02-07T22:30:52-08:00,0,37
projects\projects.js,41,js,92548da3,skvillamin,2025-02-07,22:30:52,-08:00,2025-02-07T22:30:52-08:00,0,46
projects\projects.js,42,js,92548da3,skvillamin,2025-02-07,22:30:52,-08:00,2025-02-07T22:30:52-08:00,0,0
projects\projects.js,43,js,92548da3,skvillamin,2025-02-07,22:30:52,-08:00,2025-02-07T22:30:52-08:00,0,25
projects\projects.js,44,js,92548da3,skvillamin,2025-02-07,22:30:52,-08:00,2025-02-07T22:30:52-08:00,0,17
projects\projects.js,45,js,92548da3,skvillamin,2025-02-07,22:30:52,-08:00,2025-02-07T22:30:52-08:00,0,14
projects\projects.js,46,js,92548da3,skvillamin,2025-02-07,22:30:52,-08:00,2025-02-07T22:30:52-08:00,0,42
projects\projects.js,47,js,92548da3,skvillamin,2025-02-07,22:30:52,-08:00,2025-02-07T22:30:52-08:00,0,52
projects\projects.js,48,js,92548da3,skvillamin,2025-02-07,22:30:52,-08:00,2025-02-07T22:30:52-08:00,0,19
projects\projects.js,49,js,92548da3,skvillamin,2025-02-07,22:30:52,-08:00,2025-02-07T22:30:52-08:00,0,44
projects\projects.js,50,js,92548da3,skvillamin,2025-02-07,22:30:52,-08:00,2025-02-07T22:30:52-08:00,0,17
projects\projects.js,51,js,92548da3,skvillamin,2025-02-07,22:30:52,-08:00,2025-02-07T22:30:52-08:00,0,2
projects\projects.js,52,js,92548da3,skvillamin,2025-02-07,22:30:52,-08:00,2025-02-07T22:30:52-08:00,0,2
projects\projects.js,53,js,92548da3,skvillamin,2025-02-07,22:30:52,-08:00,2025-02-07T22:30:52-08:00,0,0
projects\projects.js,54,js,92548da3,skvillamin,2025-02-07,22:30:52,-08:00,2025-02-07T22:30:52-08:00,0,15
projects\projects.js,55,js,92548da3,skvillamin,2025-02-07,22:30:52,-08:00,2025-02-07T22:30:52-08:00,0,28
projects\projects.js,56,js,92548da3,skvillamin,2025-02-07,22:30:52,-08:00,2025-02-07T22:30:52-08:00,0,18
projects\projects.js,57,js,92548da3,skvillamin,2025-02-07,22:30:52,-08:00,2025-02-07T22:30:52-08:00,0,47
projects\projects.js,58,js,92548da3,skvillamin,2025-02-07,22:30:52,-08:00,2025-02-07T22:30:52-08:00,0,54
projects\projects.js,59,js,92548da3,skvillamin,2025-02-07,22:30:52,-08:00,2025-02-07T22:30:52-08:00,0,69
projects\projects.js,60,js,92548da3,skvillamin,2025-02-07,22:30:52,-08:00,2025-02-07T22:30:52-08:00,0,19
projects\projects.js,61,js,92548da3,skvillamin,2025-02-07,22:30:52,-08:00,2025-02-07T22:30:52-08:00,0,48
projects\projects.js,62,js,92548da3,skvillamin,2025-02-07,22:30:52,-08:00,2025-02-07T22:30:52-08:00,0,17
projects\projects.js,63,js,92548da3,skvillamin,2025-02-07,22:30:52,-08:00,2025-02-07T22:30:52-08:00,0,2
projects\projects.js,64,js,92548da3,skvillamin,2025-02-07,22:30:52,-08:00,2025-02-07T22:30:52-08:00,0,2
projects\projects.js,65,js,92548da3,skvillamin,2025-02-07,22:30:52,-08:00,2025-02-07T22:30:52-08:00,0,0
projects\projects.js,66,js,92548da3,skvillamin,2025-02-07,22:30:52,-08:00,2025-02-07T22:30:52-08:00,0,0
projects\projects.js,67,js,92548da3,skvillamin,2025-02-07,22:30:52,-08:00,2025-02-07T22:30:52-08:00,0,40
projects\projects.js,68,js,92548da3,skvillamin,2025-02-07,22:30:52,-08:00,2025-02-07T22:30:52-08:00,0,27
projects\projects.js,69,js,92548da3,skvillamin,2025-02-07,22:30:52,-08:00,2025-02-07T22:30:52-08:00,0,26
projects\projects.js,70,js,92548da3,skvillamin,2025-02-07,22:30:52,-08:00,2025-02-07T22:30:52-08:00,0,20
projects\projects.js,71,js,92548da3,skvillamin,2025-02-07,22:30:52,-08:00,2025-02-07T22:30:52-08:00,0,69
projects\projects.js,72,js,92548da3,skvillamin,2025-02-07,22:30:52,-08:00,2025-02-07T22:30:52-08:00,0,0
projects\projects.js,73,js,92548da3,skvillamin,2025-02-07,22:30:52,-08:00,2025-02-07T22:30:52-08:00,0,33
projects\projects.js,74,js,92548da3,skvillamin,2025-02-07,22:30:52,-08:00,2025-02-07T22:30:52-08:00,0,21
projects\projects.js,75,js,92548da3,skvillamin,2025-02-07,22:30:52,-08:00,2025-02-07T22:30:52-08:00,0,69
projects\projects.js,76,js,92548da3,skvillamin,2025-02-07,22:30:52,-08:00,2025-02-07T22:30:52-08:00,0,0
projects\projects.js,77,js,92548da3,skvillamin,2025-02-07,22:30:52,-08:00,2025-02-07T22:30:52-08:00,0,36
projects\projects.js,78,js,92548da3,skvillamin,2025-02-07,22:30:52,-08:00,2025-02-07T22:30:52-08:00,0,20
projects\projects.js,79,js,92548da3,skvillamin,2025-02-07,22:30:52,-08:00,2025-02-07T22:30:52-08:00,0,26
projects\projects.js,80,js,92548da3,skvillamin,2025-02-07,22:30:52,-08:00,2025-02-07T22:30:52-08:00,0,44
projects\projects.js,81,js,92548da3,skvillamin,2025-02-07,22:30:52,-08:00,2025-02-07T22:30:52-08:00,0,62
projects\projects.js,82,js,92548da3,skvillamin,2025-02-07,22:30:52,-08:00,2025-02-07T22:30:52-08:00,0,1
projects\projects.js,83,js,92548da3,skvillamin,2025-02-07,22:30:52,-08:00,2025-02-07T22:30:52-08:00,0,7
projects\projects.js,84,js,92548da3,skvillamin,2025-02-07,22:30:52,-08:00,2025-02-07T22:30:52-08:00,0,85
projects\projects.js,85,js,92548da3,skvillamin,2025-02-07,22:30:52,-08:00,2025-02-07T22:30:52-08:00,0,44
projects\projects.js,86,js,92548da3,skvillamin,2025-02-07,22:30:52,-08:00,2025-02-07T22:30:52-08:00,0,31
projects\projects.js,87,js,92548da3,skvillamin,2025-02-07,22:30:52,-08:00,2025-02-07T22:30:52-08:00,0,62
projects\projects.js,88,js,92548da3,skvillamin,2025-02-07,22:30:52,-08:00,2025-02-07T22:30:52-08:00,0,1
projects\projects.js,89,js,92548da3,skvillamin,2025-02-07,22:30:52,-08:00,2025-02-07T22:30:52-08:00,0,0
projects\projects.js,90,js,92548da3,skvillamin,2025-02-07,22:30:52,-08:00,2025-02-07T22:30:52-08:00,0,0
projects\projects.js,91,js,92548da3,skvillamin,2025-02-07,22:30:52,-08:00,2025-02-07T22:30:52-08:00,0,57
projects\projects.js,92,js,92548da3,skvillamin,2025-02-07,22:30:52,-08:00,2025-02-07T22:30:52-08:00,0,0
projects\projects.js,93,js,92548da3,skvillamin,2025-02-07,22:30:52,-08:00,2025-02-07T22:30:52-08:00,0,0
projects\projects.js,94,js,92548da3,skvillamin,2025-02-07,22:30:52,-08:00,2025-02-07T22:30:52-08:00,0,62
projects\projects.js,95,js,92548da3,skvillamin,2025-02-07,22:30:52,-08:00,2025-02-07T22:30:52-08:00,0,35
projects\projects.js,96,js,92548da3,skvillamin,2025-02-07,22:30:52,-08:00,2025-02-07T22:30:52-08:00,0,52
projects\projects.js,97,js,92548da3,skvillamin,2025-02-07,22:30:52,-08:00,2025-02-07T22:30:52-08:00,0,70
projects\projects.js,98,js,92548da3,skvillamin,2025-02-07,22:30:52,-08:00,2025-02-07T22:30:52-08:00,0,2
projects\projects.js,99,js,92548da3,skvillamin,2025-02-07,22:30:52,-08:00,2025-02-07T22:30:52-08:00,0,0
projects\projects.js,100,js,92548da3,skvillamin,2025-02-07,22:30:52,-08:00,2025-02-07T22:30:52-08:00,0,57
projects\projects.js,101,js,92548da3,skvillamin,2025-02-07,22:30:52,-08:00,2025-02-07T22:30:52-08:00,0,32
projects\projects.js,102,js,92548da3,skvillamin,2025-02-07,22:30:52,-08:00,2025-02-07T22:30:52-08:00,0,0
projects\projects.js,103,js,92548da3,skvillamin,2025-02-07,22:30:52,-08:00,2025-02-07T22:30:52-08:00,0,0
projects\projects.js,104,js,92548da3,skvillamin,2025-02-07,22:30:52,-08:00,2025-02-07T22:30:52-08:00,0,33
projects\projects.js,105,js,92548da3,skvillamin,2025-02-07,22:30:52,-08:00,2025-02-07T22:30:52-08:00,0,24
projects\projects.js,106,js,92548da3,skvillamin,2025-02-07,22:30:52,-08:00,2025-02-07T22:30:52-08:00,0,0
projects\projects.js,107,js,92548da3,skvillamin,2025-02-07,22:30:52,-08:00,2025-02-07T22:30:52-08:00,0,26
projects\projects.js,108,js,92548da3,skvillamin,2025-02-07,22:30:52,-08:00,2025-02-07T22:30:52-08:00,0,54
projects\projects.js,109,js,92548da3,skvillamin,2025-02-07,22:30:52,-08:00,2025-02-07T22:30:52-08:00,0,49
projects\projects.js,110,js,92548da3,skvillamin,2025-02-07,22:30:52,-08:00,2025-02-07T22:30:52-08:00,0,40
projects\projects.js,111,js,92548da3,skvillamin,2025-02-07,22:30:52,-08:00,2025-02-07T22:30:52-08:00,0,18
projects\projects.js,112,js,92548da3,skvillamin,2025-02-07,22:30:52,-08:00,2025-02-07T22:30:52-08:00,0,25
projects\projects.js,113,js,92548da3,skvillamin,2025-02-07,22:30:52,-08:00,2025-02-07T22:30:52-08:00,0,2
projects\projects.js,114,js,92548da3,skvillamin,2025-02-07,22:30:52,-08:00,2025-02-07T22:30:52-08:00,0,0
projects\index.html,1,html,bd708657,skvillamin,2025-01-16,22:07:20,-08:00,2025-01-16T22:07:20-08:00,0,14
projects\index.html,2,html,bd708657,skvillamin,2025-01-16,22:07:20,-08:00,2025-01-16T22:07:20-08:00,0,15
projects\index.html,3,html,bd708657,skvillamin,2025-01-16,22:07:20,-08:00,2025-01-16T22:07:20-08:00,0,5
projects\index.html,4,html,07be710c,skvillamin,2025-01-17,21:35:54,-08:00,2025-01-17T21:35:54-08:00,0,42
projects\index.html,5,html,bd708657,skvillamin,2025-01-16,22:07:20,-08:00,2025-01-16T22:07:20-08:00,0,21
projects\index.html,6,html,bd708657,skvillamin,2025-01-16,22:07:20,-08:00,2025-01-16T22:07:20-08:00,0,69
projects\index.html,7,html,92548da3,skvillamin,2025-02-07,22:30:52,-08:00,2025-02-07T22:30:52-08:00,0,52
projects\index.html,8,html,8f8e564a,skvillamin,2025-01-25,19:30:02,-08:00,2025-01-25T19:30:02-08:00,0,49
projects\index.html,9,html,5b4dff05,skvillamin,2025-01-16,22:23:12,-08:00,2025-01-16T22:23:12-08:00,0,23
projects\index.html,10,html,bd708657,skvillamin,2025-01-16,22:07:20,-08:00,2025-01-16T22:07:20-08:00,0,6
projects\index.html,11,html,bd708657,skvillamin,2025-01-16,22:07:20,-08:00,2025-01-16T22:07:20-08:00,0,5
projects\index.html,12,html,e32b9b57,skvillamin,2025-01-31,22:37:33,-08:00,2025-01-31T22:37:33-08:00,0,39
projects\index.html,13,html,92548da3,skvillamin,2025-02-07,22:30:52,-08:00,2025-02-07T22:30:52-08:00,0,26
projects\index.html,14,html,92548da3,skvillamin,2025-02-07,22:30:52,-08:00,2025-02-07T22:30:52-08:00,0,22
projects\index.html,15,html,92548da3,skvillamin,2025-02-07,22:30:52,-08:00,2025-02-07T22:30:52-08:00,0,78
projects\index.html,16,html,92548da3,skvillamin,2025-02-07,22:30:52,-08:00,2025-02-07T22:30:52-08:00,0,5
projects\index.html,17,html,92548da3,skvillamin,2025-02-07,22:30:52,-08:00,2025-02-07T22:30:52-08:00,0,23
projects\index.html,18,html,92548da3,skvillamin,2025-02-07,22:30:52,-08:00,2025-02-07T22:30:52-08:00,0,5
projects\index.html,19,html,8f8e564a,skvillamin,2025-01-25,19:30:02,-08:00,2025-01-25T19:30:02-08:00,0,5
projects\index.html,20,html,92548da3,skvillamin,2025-02-07,22:30:52,-08:00,2025-02-07T22:30:52-08:00,0,5
projects\index.html,21,html,92548da3,skvillamin,2025-02-07,22:30:52,-08:00,2025-02-07T22:30:52-08:00,0,16
projects\index.html,22,html,92548da3,skvillamin,2025-02-07,22:30:52,-08:00,2025-02-07T22:30:52-08:00,0,12
projects\index.html,23,html,92548da3,skvillamin,2025-02-07,22:30:52,-08:00,2025-02-07T22:30:52-08:00,0,27
projects\index.html,24,html,92548da3,skvillamin,2025-02-07,22:30:52,-08:00,2025-02-07T22:30:52-08:00,0,32
projects\index.html,25,html,92548da3,skvillamin,2025-02-07,22:30:52,-08:00,2025-02-07T22:30:52-08:00,0,1
projects\index.html,26,html,92548da3,skvillamin,2025-02-07,22:30:52,-08:00,2025-02-07T22:30:52-08:00,0,27
projects\index.html,27,html,92548da3,skvillamin,2025-02-07,22:30:52,-08:00,2025-02-07T22:30:52-08:00,0,48
projects\index.html,28,html,bd708657,skvillamin,2025-01-16,22:07:20,-08:00,2025-01-16T22:07:20-08:00,0,6
projects\index.html,29,html,92548da3,skvillamin,2025-02-07,22:30:52,-08:00,2025-02-07T22:30:52-08:00,0,6
contact\index.html,1,html,bd708657,skvillamin,2025-01-16,22:07:20,-08:00,2025-01-16T22:07:20-08:00,0,14
contact\index.html,2,html,bd708657,skvillamin,2025-01-16,22:07:20,-08:00,2025-01-16T22:07:20-08:00,0,15
contact\index.html,3,html,bd708657,skvillamin,2025-01-16,22:07:20,-08:00,2025-01-16T22:07:20-08:00,0,5
contact\index.html,4,html,07be710c,skvillamin,2025-01-17,21:35:54,-08:00,2025-01-17T21:35:54-08:00,0,42
contact\index.html,5,html,bd708657,skvillamin,2025-01-16,22:07:20,-08:00,2025-01-16T22:07:20-08:00,0,21
contact\index.html,6,html,bd708657,skvillamin,2025-01-16,22:07:20,-08:00,2025-01-16T22:07:20-08:00,0,69
contact\index.html,7,html,8f8e564a,skvillamin,2025-01-25,19:30:02,-08:00,2025-01-25T19:30:02-08:00,0,49
contact\index.html,8,html,bd708657,skvillamin,2025-01-16,22:07:20,-08:00,2025-01-16T22:07:20-08:00,0,21
contact\index.html,9,html,bd708657,skvillamin,2025-01-16,22:07:20,-08:00,2025-01-16T22:07:20-08:00,0,6
contact\index.html,10,html,bd708657,skvillamin,2025-01-16,22:07:20,-08:00,2025-01-16T22:07:20-08:00,0,5
contact\index.html,11,html,5b4dff05,skvillamin,2025-01-16,22:23:12,-08:00,2025-01-16T22:23:12-08:00,0,0
contact\index.html,12,html,8f8e564a,skvillamin,2025-01-25,19:30:02,-08:00,2025-01-25T19:30:02-08:00,0,53
contact\index.html,13,html,bd708657,skvillamin,2025-01-16,22:07:20,-08:00,2025-01-16T22:07:20-08:00,0,40
contact\index.html,14,html,bd708657,skvillamin,2025-01-16,22:07:20,-08:00,2025-01-16T22:07:20-08:00,0,41
contact\index.html,15,html,bd708657,skvillamin,2025-01-16,22:07:20,-08:00,2025-01-16T22:07:20-08:00,0,0
contact\index.html,16,html,bd708657,skvillamin,2025-01-16,22:07:20,-08:00,2025-01-16T22:07:20-08:00,0,36
contact\index.html,17,html,bd708657,skvillamin,2025-01-16,22:07:20,-08:00,2025-01-16T22:07:20-08:00,0,6
contact\index.html,18,html,bd708657,skvillamin,2025-01-16,22:07:20,-08:00,2025-01-16T22:07:20-08:00,0,0
contact\index.html,19,html,bd708657,skvillamin,2025-01-16,22:07:20,-08:00,2025-01-16T22:07:20-08:00,0,33
contact\index.html,20,html,bd708657,skvillamin,2025-01-16,22:07:20,-08:00,2025-01-16T22:07:20-08:00,0,32
contact\index.html,21,html,bd708657,skvillamin,2025-01-16,22:07:20,-08:00,2025-01-16T22:07:20-08:00,0,0
contact\index.html,22,html,125a7b56,skvillamin,2025-01-17,22:21:25,-08:00,2025-01-17T22:21:25-08:00,0,22
contact\index.html,23,html,bd708657,skvillamin,2025-01-16,22:07:20,-08:00,2025-01-16T22:07:20-08:00,0,6
contact\index.html,24,html,bd708657,skvillamin,2025-01-16,22:07:20,-08:00,2025-01-16T22:07:20-08:00,0,6
contact\index.html,25,html,bd708657,skvillamin,2025-01-16,22:07:20,-08:00,2025-01-16T22:07:20-08:00,0,6
